-0.8, -0.9, -1.7, 0.1
0.53, 0.43, 0.96, 0.1
0.63, -0.96, -0.33, 1.59
0.88, 0.94, 1.82, -0.0600000000000001
0.89, -0.51, 0.38, 1.4
-0.11, 0.23, 0.12, -0.34
0.01, 0.55, 0.56, -0.54
-0.14, 0.42, 0.28, -0.56
0.96, -0.11, 0.85, 1.07
-0.41, 0.97, 0.56, -1.38
0.96, -0.07, 0.89, 1.03
-0.0600000000000001, 0.03, -0.03, -0.0900000000000001
-0.29, 0.19, -0.1, -0.48
-0.23, -0.21, -0.44, -0.02
0.05, -0.08, -0.0299999999999999, 0.13
-0.26, 0.81, 0.55, -1.07
0.15, -0.0600000000000001, 0.0899999999999999, 0.21
0.74, -0.69, 0.05, 1.43
-0.82, -0.02, -0.84, -0.8
0.4, 0.7, 1.1, -0.3
-0.65, 0.59, -0.0599999999999999, -1.24
0.24, -0.83, -0.59, 1.07
-0.59, 0.7, 0.11, -1.29
-0.62, 0.6, -0.0199999999999999, -1.22
0.75, -0.66, 0.0900000000000001, 1.41
0.03, 0.85, 0.88, -0.82
-0.78, 0.67, -0.11, -1.45
0.2, 0.39, 0.59, -0.19
0.91, 0.55, 1.46, 0.36
-0.18, -0.49, -0.67, 0.31
0.68, -0.29, 0.39, 0.97
-0.99, -0.09, -1.08, -0.9
0.48, -0.41, 0.07, 0.89
-0.64, 0.24, -0.4, -0.88
-0.41, -0.11, -0.52, -0.3
-0.48, -0.34, -0.82, -0.14
-0.37, -0.1, -0.47, -0.27
0.7, -0.2, 0.5, 0.9
-0.33, 0.0800000000000001, -0.25, -0.41
0.21, -0.3, -0.0900000000000001, 0.51
0.95, -0.27, 0.68, 1.22
0.57, 0.24, 0.81, 0.33
-0.07, 0.41, 0.34, -0.48
-0.28, -0.52, -0.8, 0.24
-0.87, 0.41, -0.46, -1.28
-0.11, 0.81, 0.7, -0.92
0.41, -0.81, -0.4, 1.22
0.74, 0.8, 1.54, -0.0600000000000001
0.34, 0.56, 0.9, -0.22
0.15, 0.83, 0.98, -0.68
0.53, -0.16, 0.37, 0.69
-0.93, 0.76, -0.17, -1.69
0.12, 0.01, 0.13, 0.11
-0.82, -0.71, -1.53, -0.11
-0.21, -0.54, -0.75, 0.33
-0.1, 1, 0.9, -1.1
0.66, 0.49, 1.15, 0.17
0.36, -0.74, -0.38, 1.1
0.42, 0.53, 0.95, -0.11
0.12, -0.94, -0.82, 1.06
-0.45, -0.27, -0.72, -0.18
-0.54, 0.82, 0.28, -1.36
-0.25, -0.99, -1.24, 0.74
0, 0.37, 0.37, -0.37
-0.49, 0.0900000000000001, -0.4, -0.58
-0.62, -0.99, -1.61, 0.37
0.78, 1, 1.78, -0.22
0.33, 0.26, 0.59, 0.0700000000000001
-0.53, -0.58, -1.11, 0.05
-0.74, 0.19, -0.55, -0.93
0.56, -0.43, 0.13, 0.99
0.05, 0.2, 0.25, -0.15
-0.42, 0.79, 0.37, -1.21
-0.69, -0.67, -1.36, -0.02
0.31, 0.99, 1.3, -0.68
0.87, -0.21, 0.66, 1.08
-0.53, -0.45, -0.98, -0.0800000000000001
-0.23, 0.31, 0.0800000000000001, -0.54
-0.76, 0.44, -0.32, -1.2
-0.1, 0.8, 0.7, -0.9
-0.72, 0.39, -0.33, -1.11
0.62, 0, 0.62, 0.62
-0.3, 0.16, -0.14, -0.46
0.3, -0.77, -0.47, 1.07
-0.1, 0.02, -0.08, -0.12
-0.14, -0.09, -0.23, -0.05
-0.16, -0.26, -0.42, 0.1
0.78, 0.38, 1.16, 0.4
0.78, 0.41, 1.19, 0.37
0.34, 0.14, 0.48, 0.2
0.8, 0.89, 1.69, -0.0899999999999999
-0.88, -0.85, -1.73, -0.03
-0.36, -0.53, -0.89, 0.17
0.64, -0.79, -0.15, 1.43
0, -0.02, -0.02, 0.02
0.67, 0.2, 0.87, 0.47
-0.59, -0.07, -0.66, -0.52
0.14, 0.31, 0.45, -0.17
-0.68, 0.45, -0.23, -1.13
0.55, 0.03, 0.58, 0.52
0.3, 0.21, 0.51, 0.0900000000000001
-0.8, 0.7, -0.1, -1.5
0.71, -0.78, -0.0700000000000001, 1.49
0.37, 0.26, 0.63, 0.11
0.49, -0.94, -0.45, 1.43
-0.87, 0.14, -0.73, -1.01
-0.25, -0.63, -0.88, 0.38
0.04, 0.13, 0.17, -0.0899999999999999
-0.87, 0.11, -0.76, -0.98
0.43, 0.12, 0.55, 0.31
-0.67, 0.04, -0.63, -0.71
0.0900000000000001, 0.27, 0.36, -0.18
-0.35, -0.44, -0.79, 0.09
0.58, 0.51, 1.09, 0.0700000000000001
-0.08, 0.98, 0.9, -1.06
0.91, 0.01, 0.92, 0.9
0.21, 0.95, 1.16, -0.74
-0.96, -0.28, -1.24, -0.68
0.39, 0.12, 0.51, 0.27
0.65, -0.85, -0.2, 1.5
-0.87, -0.12, -0.99, -0.75
0.15, -0.97, -0.82, 1.12
0.78, -0.97, -0.19, 1.75
0.57, -0.07, 0.5, 0.64
0.02, 0.38, 0.4, -0.36
-0.38, -0.03, -0.41, -0.35
0.44, 0.32, 0.76, 0.12
-0.54, 0.83, 0.29, -1.37
-0.55, -0.91, -1.46, 0.36
0.47, 0.4, 0.87, 0.0700000000000001
0.05, 0.05, 0.1, 0
-0.01, 0.1, 0.0900000000000001, -0.11
-0.99, -0.78, -1.77, -0.21
0.28, -0.3, -0.02, 0.58
-0.15, 0.19, 0.0399999999999999, -0.34
0.86, 0.04, 0.9, 0.82
0.87, -0.76, 0.11, 1.63
0.88, 0.51, 1.39, 0.37
0, 0.27, 0.27, -0.27
-0.08, -0.02, -0.1, -0.0599999999999999
-0.93, -0.29, -1.22, -0.64
0.82, -0.63, 0.19, 1.45
0.33, -0.89, -0.56, 1.22
0.98, 0.0800000000000001, 1.06, 0.9
0.38, 0.94, 1.32, -0.56
0.5, 0.59, 1.09, -0.0900000000000001
-0.94, -0.15, -1.09, -0.79
0.0600000000000001, 0.31, 0.37, -0.25
0.65, -0.13, 0.52, 0.78
-0.01, 0.68, 0.67, -0.69
1, -0.34, 0.66, 1.34
-0.27, 0.63, 0.36, -0.9
-0.56, 0.54, -0.02, -1.1
-0.68, -0.91, -1.59, 0.23
-0.32, 0.43, 0.11, -0.75
-0.26, -0.2, -0.46, -0.0600000000000001
-0.4, -0.31, -0.71, -0.09
-0.78, 0.11, -0.67, -0.89
-0.86, -0.57, -1.43, -0.29
-0.44, -0.84, -1.28, 0.4
-0.17, -0.35, -0.52, 0.18
-0.9, 0.12, -0.78, -1.02
0.28, 0.75, 1.03, -0.47
0.22, 0.0900000000000001, 0.31, 0.13
0.05, 0.67, 0.72, -0.62
0.15, -0.24, -0.0900000000000001, 0.39
-0.43, -0.67, -1.1, 0.24
0.15, -0.57, -0.42, 0.72
-0.14, 0.82, 0.68, -0.96
0.55, 0.92, 1.47, -0.37
0.89, -0.62, 0.27, 1.51
-0.86, -0.61, -1.47, -0.25
-0.28, -0.56, -0.84, 0.28
-0.71, -0.0600000000000001, -0.77, -0.65
0.73, -0.85, -0.12, 1.58
-0.92, -0.9, -1.82, -0.02
-0.08, 0.74, 0.66, -0.82
-0.77, 0.19, -0.58, -0.96
-0.45, -0.36, -0.81, -0.09
-0.67, 0.93, 0.26, -1.6
-0.94, 0.71, -0.23, -1.65
0.21, 0.42, 0.63, -0.21
0.13, -0.41, -0.28, 0.54
0.43, -0.52, -0.0900000000000001, 0.95
-0.51, -0.91, -1.42, 0.4
-0.31, 0.47, 0.16, -0.78
-0.81, 0.04, -0.77, -0.85
-0.73, -0.73, -1.46, 0
-0.97, 0.04, -0.93, -1.01
-0.17, -0.58, -0.75, 0.41
-0.52, 0.62, 0.1, -1.14
0.37, 0.55, 0.92, -0.18
-0.3, 0.48, 0.18, -0.78
0.82, 0.75, 1.57, 0.0700000000000001
0.86, 0.64, 1.5, 0.22
0.11, 0.27, 0.38, -0.16
0.9, 0.0700000000000001, 0.97, 0.83
0.29, 0.95, 1.24, -0.66
-0.65, -0.92, -1.57, 0.27
0.03, -0.56, -0.53, 0.59
0.29, 0.45, 0.74, -0.16
0.66, -0.29, 0.37, 0.95
-0.38, 0.27, -0.11, -0.65
-0.73, -0.37, -1.1, -0.36
-0.57, 0.83, 0.26, -1.4
0.61, -0.14, 0.47, 0.75
-0.38, 0.13, -0.25, -0.51
0.2, 0.29, 0.49, -0.0900000000000001
0.42, -0.9, -0.48, 1.32
0.7, -0.9, -0.2, 1.6
-0.12, -0.1, -0.22, -0.02
-0.61, -0.51, -1.12, -0.1
0.15, -0.72, -0.57, 0.87
-0.43, 0.89, 0.46, -1.32
-0.93, 0.37, -0.56, -1.3
0.95, 0.22, 1.17, 0.73
0.44, -0.69, -0.25, 1.13
-0.8, 0.25, -0.55, -1.05
0.53, 0.22, 0.75, 0.31
-0.44, 0.36, -0.0799999999999998, -0.8
0.66, -0.35, 0.31, 1.01
-0.53, 0.49, -0.04, -1.02
0.45, -0.66, -0.21, 1.11
-0.78, -0.34, -1.12, -0.44
0.38, -0.91, -0.53, 1.29
-0.38, -0.04, -0.42, -0.34
0.8, 0.62, 1.42, 0.18
0.54, -0.46, 0.0800000000000001, 1
0.36, -0.92, -0.56, 1.28
0.49, 0.88, 1.37, -0.39
-0.96, 0.33, -0.63, -1.29
-0.72, -0.21, -0.93, -0.51
0.48, -0.82, -0.34, 1.3
-0.67, 0.66, -0.01, -1.33
-0.93, -0.57, -1.5, -0.36
-0.48, 0.49, 0.01, -0.97
-0.26, 0.25, -0.01, -0.51
0.71, 0.71, 1.42, 0
-0.49, -0.39, -0.88, -0.1
0.27, -0.95, -0.68, 1.22
-0.92, -0.58, -1.5, -0.34
-0.42, 0.36, -0.0599999999999999, -0.78
-0.16, 0.88, 0.72, -1.04
-0.65, -0.88, -1.53, 0.23
-0.29, -0.89, -1.18, 0.6
0.83, 0.79, 1.62, 0.04
-0.98, 0.67, -0.31, -1.65
-0.26, -0.21, -0.47, -0.05
-0.71, -0.31, -1.02, -0.4
0.44, -0.62, -0.18, 1.06
-0.08, -0.9, -0.98, 0.82
0.63, -0.7, -0.0700000000000001, 1.33
-0.77, 0.26, -0.51, -1.03
-0.67, -0.54, -1.21, -0.13
0.97, 0.02, 0.99, 0.95
-0.2, 0.44, 0.24, -0.64
0.22, 0.74, 0.96, -0.52
0.92, -0.15, 0.77, 1.07
-0.35, 0.16, -0.19, -0.51
0.78, -0.13, 0.65, 0.91
-0.36, -0.03, -0.39, -0.33
0.37, -0.64, -0.27, 1.01
-0.31, -0.63, -0.94, 0.32
0.76, 0.3, 1.06, 0.46
-0.99, 0.61, -0.38, -1.6
0.6, -0.5, 0.1, 1.1
0.23, -0.72, -0.49, 0.95
0.47, -0.16, 0.31, 0.63
0.0700000000000001, -0.38, -0.31, 0.45
-0.38, 0.47, 0.09, -0.85
-0.29, -0.73, -1.02, 0.44
0.96, 0.15, 1.11, 0.81
0.28, 0.76, 1.04, -0.48
0.14, 0.0800000000000001, 0.22, 0.0599999999999998
-0.04, -0.7, -0.74, 0.66
-0.96, -0.85, -1.81, -0.11
0.91, 0.9, 1.81, 0.01
-0.29, 0.77, 0.48, -1.06
0.18, 0.18, 0.36, 0
-0.61, 0.51, -0.1, -1.12
-0.16, 0.32, 0.16, -0.48
-0.98, -0.62, -1.6, -0.36
-0.72, -0.12, -0.84, -0.6
0.54, -0.99, -0.45, 1.53
-0.8, 0.46, -0.34, -1.26
0.72, 0.43, 1.15, 0.29
-0.17, -0.05, -0.22, -0.12
0.0800000000000001, -0.56, -0.48, 0.64
-0.32, 0.01, -0.31, -0.33
0.38, 0.64, 1.02, -0.26
0.14, 0.51, 0.65, -0.37
0.49, 0.0800000000000001, 0.57, 0.41
-0.81, -0.26, -1.07, -0.55
0.23, 0.45, 0.68, -0.22
-0.75, -0.87, -1.62, 0.12
-0.08, 0.62, 0.54, -0.7
-0.41, 0.85, 0.44, -1.26
-0.91, 0.23, -0.68, -1.14
-0.02, -0.57, -0.59, 0.55
-0.04, -0.15, -0.19, 0.11
-0.3, -0.36, -0.66, 0.0599999999999999
-0.32, -0.86, -1.18, 0.54
0.35, 0.05, 0.4, 0.3
0.0700000000000001, -0.67, -0.6, 0.74
0.63, 0.89, 1.52, -0.26
0.92, 0.42, 1.34, 0.5
-0.93, -0.22, -1.15, -0.71
0.27, 0.96, 1.23, -0.69
-0.33, -0.34, -0.67, 0.01
0.4, 0.18, 0.58, 0.22
-0.76, 0.65, -0.11, -1.41
0.46, -0.41, 0.0499999999999999, 0.87
-0.51, -0.72, -1.23, 0.21
-0.9, -0.42, -1.32, -0.48
-0.55, 0.51, -0.04, -1.06
-0.77, 0.58, -0.19, -1.35
-0.41, -0.88, -1.29, 0.47
-0.93, -0.82, -1.75, -0.11
0.12, 0.35, 0.47, -0.23
0.22, -0.27, -0.05, 0.49
0.2, -0.07, 0.13, 0.27
0.79, -0.05, 0.74, 0.84
0.31, -0.96, -0.65, 1.27
-0.15, -0.99, -1.14, 0.84
-0.67, -0.95, -1.62, 0.28
-0.61, -0.59, -1.2, -0.0199999999999999
-0.01, 0.86, 0.85, -0.87
0.0700000000000001, 0.42, 0.49, -0.35
-0.24, -0.22, -0.46, -0.02
-0.86, 0.29, -0.57, -1.15
-0.34, -0.49, -0.83, 0.15
0.47, 0.99, 1.46, -0.52
-0.62, -0.23, -0.85, -0.39
-0.15, -0.03, -0.18, -0.12
-0.26, 0.0900000000000001, -0.17, -0.35
0.68, -0.0600000000000001, 0.62, 0.74
0.97, 0.93, 1.9, 0.04
0.37, 0.72, 1.09, -0.35
0.86, 0.4, 1.26, 0.46
-0.58, -0.18, -0.76, -0.4
-0.89, -0.21, -1.1, -0.68
-0.65, 0.81, 0.16, -1.46
-0.16, -0.29, -0.45, 0.13
-0.82, -0.68, -1.5, -0.14
0.02, -0.5, -0.48, 0.52
-0.82, -0.22, -1.04, -0.6
-0.09, 0.33, 0.24, -0.42
0.45, 0.87, 1.32, -0.42
0.21, 0.96, 1.17, -0.75
-0.69, 0.59, -0.0999999999999999, -1.28
-0.84, -0.04, -0.88, -0.8
0.87, -0.79, 0.0800000000000001, 1.66
0.42, 0.37, 0.79, 0.0499999999999998
-0.29, -0.33, -0.62, 0.0399999999999999
0.89, 0.43, 1.32, 0.46
-0.32, -0.78, -1.1, 0.46
-0.27, 0.47, 0.2, -0.74
-0.47, 0.64, 0.17, -1.11
-0.67, 0.64, -0.03, -1.31
0.87, -0.79, 0.0800000000000001, 1.66
0.0900000000000001, -0.47, -0.38, 0.56
0.56, -0.89, -0.33, 1.45
-0.74, -0.0600000000000001, -0.8, -0.68
-0.71, 0.64, -0.0700000000000001, -1.35
0.83, 0.87, 1.7, -0.04
-0.24, -0.84, -1.08, 0.6
0.46, -0.75, -0.29, 1.21
-0.87, -0.74, -1.61, -0.13
-0.39, 0.65, 0.26, -1.04
0.24, -0.01, 0.23, 0.25
-0.98, 0.97, -0.01, -1.95
0.31, 0.0800000000000001, 0.39, 0.23
-0.93, -0.85, -1.78, -0.08
0.45, 0.0600000000000001, 0.51, 0.39
-0.25, 0.43, 0.18, -0.68
0.0600000000000001, 0.29, 0.35, -0.23
0.7, -0.75, -0.05, 1.45
-0.91, 0.49, -0.42, -1.4
0.66, -0.37, 0.29, 1.03
0.35, 0, 0.35, 0.35
0.23, 0.0600000000000001, 0.29, 0.17
0.59, 0, 0.59, 0.59
0.0600000000000001, 0.84, 0.9, -0.78
-0.73, -0.32, -1.05, -0.41
-0.71, 0.28, -0.43, -0.99
0.87, 0.34, 1.21, 0.53
0.12, 0.0900000000000001, 0.21, 0.03
-0.73, 0.16, -0.57, -0.89
-0.46, -0.37, -0.83, -0.09
0.58, 0.92, 1.5, -0.34
-0.49, -0.04, -0.53, -0.45
0.59, -0.01, 0.58, 0.6
-0.44, -0.34, -0.78, -0.1
-0.26, -0.84, -1.1, 0.58
0.33, 0, 0.33, 0.33
-0.0600000000000001, -0.46, -0.52, 0.4
-0.97, -0.37, -1.34, -0.6
0.95, -0.47, 0.48, 1.42
0.71, 0.7, 1.41, 0.01
0.79, -0.94, -0.15, 1.73
0.11, -0.13, -0.0199999999999999, 0.24
0.14, -0.86, -0.72, 1
0.86, 0.91, 1.77, -0.0499999999999998
-0.92, 0.99, 0.07, -1.91
0.71, 0.83, 1.54, -0.12
-0.38, -0.2, -0.58, -0.18
-0.52, 0.0900000000000001, -0.43, -0.61
0.64, -0.54, 0.0999999999999999, 1.18
0.28, 0.14, 0.42, 0.14
-0.97, 0.35, -0.62, -1.32
0.57, -0.2, 0.37, 0.77
-0.24, 0.13, -0.11, -0.37
-0.81, -0.03, -0.84, -0.78
-0.61, 0.29, -0.32, -0.9
-0.5, 0.37, -0.13, -0.87
-0.6, 0.44, -0.16, -1.04
0.93, -0.15, 0.78, 1.08
0.56, 0.4, 0.96, 0.16
-0.28, 0.58, 0.3, -0.86
-0.51, -0.0600000000000001, -0.57, -0.45
0.39, -0.56, -0.17, 0.95
0.86, -0.83, 0.0300000000000001, 1.69
-0.27, 0.16, -0.11, -0.43
-0.05, 0.27, 0.22, -0.32
-0.61, -0.9, -1.51, 0.29
0.93, -0.95, -0.02, 1.88
-0.64, 0.76, 0.12, -1.4
0.92, -0.18, 0.74, 1.1
0.14, -0.02, 0.12, 0.16
-0.27, -0.53, -0.8, 0.26
-0.81, 0.99, 0.18, -1.8
0.52, 0.98, 1.5, -0.46
-0.82, 0.79, -0.03, -1.61
-0.68, 0.77, 0.0900000000000001, -1.45
-0.48, -0.41, -0.89, -0.07
-0.95, -0.27, -1.22, -0.68
0.8, -0.87, -0.07, 1.67
0.5, 0.12, 0.62, 0.38
-0.86, 0.3, -0.56, -1.16
-0.19, -0.5, -0.69, 0.31
0.9, 0.23, 1.13, 0.67
-0.17, 0.43, 0.26, -0.6
-0.28, -0.51, -0.79, 0.23
0.14, 0.71, 0.85, -0.57
-0.29, -0.63, -0.92, 0.34
0.21, -0.37, -0.16, 0.58
-0.49, 0.33, -0.16, -0.82
-0.65, 0.98, 0.33, -1.63
-0.52, -0.59, -1.11, 0.0700000000000001
-0.3, -0.59, -0.89, 0.29
0.66, -0.57, 0.0899999999999999, 1.23
-0.95, 0.54, -0.41, -1.49
0.83, -0.79, 0.04, 1.62
-0.39, -0.24, -0.63, -0.15
-0.02, -0.84, -0.86, 0.82
0.0700000000000001, 0.58, 0.65, -0.51
-0.6, -0.53, -1.13, -0.07
0.64, 0.24, 0.88, 0.4
0.63, -0.82, -0.19, 1.45
-0.8, 0.53, -0.27, -1.33
1, 0.14, 1.14, 0.86
0.86, -0.49, 0.37, 1.35
0.23, -0.36, -0.13, 0.59
-0.0600000000000001, 0.58, 0.52, -0.64
-0.31, -0.78, -1.09, 0.47
-0.03, -0.66, -0.69, 0.63
0.55, 0.95, 1.5, -0.4
-0.77, 0.34, -0.43, -1.11
-0.09, 0.45, 0.36, -0.54
-0.42, 0.15, -0.27, -0.57
0.3, 0.01, 0.31, 0.29
-0.4, -0.92, -1.32, 0.52
-0.76, 0.35, -0.41, -1.11
0.11, 0.85, 0.96, -0.74
0.86, 0.1, 0.96, 0.76
0.84, 0.65, 1.49, 0.19
-0.07, 0.6, 0.53, -0.67
0.21, 0.81, 1.02, -0.6
-0.42, -0.55, -0.97, 0.13
0.54, 0.89, 1.43, -0.35
0.33, 0.59, 0.92, -0.26
-0.58, -0.23, -0.81, -0.35
-0.92, 0.94, 0.0199999999999999, -1.86
0.0900000000000001, 0.88, 0.97, -0.79
0.13, -0.72, -0.59, 0.85
-0.46, 0.6, 0.14, -1.06
0.24, -0.68, -0.44, 0.92
-0.81, -0.35, -1.16, -0.46
-0.56, 0.95, 0.39, -1.51
-0.0600000000000001, -0.5, -0.56, 0.44
-0.42, -0.45, -0.87, 0.0299999999999999
-0.16, -0.38, -0.54, 0.22
-0.34, -0.33, -0.67, -0.01
-0.85, -0.25, -1.1, -0.6
-0.82, 0.17, -0.65, -0.99
0.15, 0.8, 0.95, -0.65
0.96, 0.13, 1.09, 0.83
0.21, -0.04, 0.17, 0.25
-0.76, 0.97, 0.21, -1.73
-0.25, 0.85, 0.6, -1.1
0.61, -0.77, -0.16, 1.38
0.78, 0.6, 1.38, 0.18
0.22, -0.66, -0.44, 0.88
0.58, -0.43, 0.15, 1.01
-0.04, -0.99, -1.03, 0.95
-0.24, -0.84, -1.08, 0.6
-0.93, -0.99, -1.92, 0.0600000000000001
0.39, 0.11, 0.5, 0.28
0.67, -0.25, 0.42, 0.92
0.12, 0.5, 0.62, -0.38
-0.11, 1, 0.89, -1.11
0.46, -0.1, 0.36, 0.56
0.52, -0.67, -0.15, 1.19
-0.0600000000000001, -0.5, -0.56, 0.44
0.12, -0.59, -0.47, 0.71
0.34, 0.4, 0.74, -0.0599999999999998
-0.98, 0.41, -0.57, -1.39
-0.62, -0.56, -1.18, -0.0599999999999999
0.98, -0.15, 0.83, 1.13
0.38, -0.51, -0.13, 0.89
-0.38, 0.7, 0.32, -1.08
0.24, -0.85, -0.61, 1.09
0.16, 0.11, 0.27, 0.0499999999999998
-0.15, -0.26, -0.41, 0.11
-0.96, 0.55, -0.41, -1.51
-0.3, 0.43, 0.13, -0.73
-0.86, 0.95, 0.09, -1.81
0.14, -0.67, -0.53, 0.81
0.12, -0.93, -0.81, 1.05
0.68, 0.87, 1.55, -0.19
-0.14, -0.38, -0.52, 0.24
0.43, -0.39, 0.0399999999999999, 0.82
0.5, 0.83, 1.33, -0.33
0.79, -0.49, 0.3, 1.28
0.51, 0.19, 0.7, 0.32
-0.6, 0.96, 0.36, -1.56
-0.46, 0.23, -0.23, -0.69
0.27, -0.11, 0.16, 0.38
-0.25, -0.64, -0.89, 0.39
-0.99, 0.82, -0.17, -1.81
-0.38, 0.77, 0.39, -1.15
-0.42, 0.17, -0.25, -0.59
-0.03, -0.73, -0.76, 0.7
-0.72, 0.17, -0.55, -0.89
-0.94, -0.09, -1.03, -0.85
-0.22, -0.53, -0.75, 0.31
-0.83, -0.99, -1.82, 0.16
-0.03, -0.43, -0.46, 0.4
0.49, -0.69, -0.2, 1.18
0.6, -0.92, -0.32, 1.52
-0.67, 0.12, -0.55, -0.79
0.69, 0.98, 1.67, -0.29
-0.94, 0.89, -0.05, -1.83
-0.24, -0.01, -0.25, -0.23
-0.85, -0.89, -1.74, 0.04
0.27, 0.61, 0.88, -0.34
-0.85, 0.2, -0.65, -1.05
-0.71, 0.58, -0.13, -1.29
0.91, 0.01, 0.92, 0.9
0.55, 0.68, 1.23, -0.13
-0.75, -0.2, -0.95, -0.55
0.03, 0.67, 0.7, -0.64
0.54, -0.04, 0.5, 0.58
-0.93, -0.84, -1.77, -0.09
-0.04, -0.45, -0.49, 0.41
-0.4, 0.79, 0.39, -1.19
-0.32, -0.4, -0.72, 0.0800000000000001
-0.0600000000000001, -0.9, -0.96, 0.84
-0.92, -0.95, -1.87, 0.0299999999999999
-0.6, 0.32, -0.28, -0.92
0.58, 0.0800000000000001, 0.66, 0.5
-0.66, -0.75, -1.41, 0.0900000000000001
-0.87, 0.42, -0.45, -1.29
0.73, 0.86, 1.59, -0.13
0.44, -0.18, 0.26, 0.62
0.76, -0.19, 0.57, 0.95
-0.54, 0.56, 0.02, -1.1
0.0900000000000001, 0.13, 0.22, -0.0399999999999998
0.42, 0.52, 0.94, -0.1
0.05, 0.83, 0.88, -0.78
-0.19, -0.36, -0.55, 0.17
0.22, 0.29, 0.51, -0.0700000000000001
-0.7, 0.95, 0.25, -1.65
0.53, -0.08, 0.45, 0.61
-0.95, -0.32, -1.27, -0.63
-0.12, -0.67, -0.79, 0.55
0.47, 0.1, 0.57, 0.37
0.26, 0.89, 1.15, -0.63
-0.46, -0.02, -0.48, -0.44
0.52, -0.42, 0.1, 0.94
-0.27, 0.18, -0.0900000000000001, -0.45
-0.86, 1, 0.14, -1.86
0.14, 0.38, 0.52, -0.24
-0.88, 0.32, -0.56, -1.2
-0.19, -0.18, -0.37, -0.0099999999999999
0.17, 0.26, 0.43, -0.0900000000000001
0.18, -0.54, -0.36, 0.72
-0.68, -0.26, -0.94, -0.42
0.42, 0.56, 0.98, -0.14
-0.26, -0.89, -1.15, 0.63
-0.8, 0.21, -0.59, -1.01
-0.9, -0.71, -1.61, -0.19
-0.79, 0.23, -0.56, -1.02
0.13, -0.26, -0.13, 0.39
-0.95, -0.8, -1.75, -0.15
0.67, 0.58, 1.25, 0.0899999999999999
-0.68, -0.34, -1.02, -0.34
0.95, -0.65, 0.3, 1.6
0.57, 0.98, 1.55, -0.41
0.48, 0.35, 0.83, 0.13
-0.63, -0.61, -1.24, -0.02
0.25, -0.21, 0.04, 0.46
-0.28, 0.91, 0.63, -1.19
0.39, -0.04, 0.35, 0.43
0.29, 0.51, 0.8, -0.22
-0.56, -0.7, -1.26, 0.14
0.31, -0.01, 0.3, 0.32
-0.25, 0.83, 0.58, -1.08
-0.29, 0.97, 0.68, -1.26
-0.3, 0.7, 0.4, -1
-0.46, 0.97, 0.51, -1.43
-0.81, -0.29, -1.1, -0.52
-0.52, -0.17, -0.69, -0.35
0.62, 0.7, 1.32, -0.0799999999999998
0.0700000000000001, 0.82, 0.89, -0.75
-0.26, -0.33, -0.59, 0.07
-0.33, -0.99, -1.32, 0.66
0.41, -0.09, 0.32, 0.5
0.3, 0.52, 0.82, -0.22
-0.33, 0.71, 0.38, -1.04
-0.89, -0.25, -1.14, -0.64
-0.03, 0.77, 0.74, -0.8
0.03, 0.24, 0.27, -0.21
0.63, 0.84, 1.47, -0.21
0.92, 0.82, 1.74, 0.0999999999999999
0.89, 0.31, 1.2, 0.58
0.98, 0.47, 1.45, 0.51
0.22, 0.03, 0.25, 0.19
0.1, -0.49, -0.39, 0.59
0.64, 0.71, 1.35, -0.0700000000000001
-0.19, -0.82, -1.01, 0.63
0.68, -0.8, -0.12, 1.48
-0.68, 0.41, -0.27, -1.09
0.89, 0.16, 1.05, 0.73
-0.04, 0.42, 0.38, -0.46
-0.48, -0.98, -1.46, 0.5
0.95, 0.14, 1.09, 0.81
-0.09, -0.16, -0.25, 0.0700000000000001
-0.24, 0.37, 0.13, -0.61
-0.02, 0.96, 0.94, -0.98
0.13, -0.45, -0.32, 0.58
0.21, 0.64, 0.85, -0.43
0.39, -0.85, -0.46, 1.24
0.14, -0.23, -0.0900000000000001, 0.37
-0.68, -0.33, -1.01, -0.35
-0.02, -0.42, -0.44, 0.4
0.3, 0.29, 0.59, 0.01
-0.25, -0.79, -1.04, 0.54
-0.41, 0.17, -0.24, -0.58
0.21, -0.61, -0.4, 0.82
-0.56, -0.95, -1.51, 0.39
-0.62, -0.21, -0.83, -0.41
0.89, 0.6, 1.49, 0.29
-0.1, -0.33, -0.43, 0.23
0.25, 0.3, 0.55, -0.05
0.23, -0.43, -0.2, 0.66
0.5, 0.94, 1.44, -0.44
-0.97, 0.52, -0.45, -1.49
-0.77, 0.0900000000000001, -0.68, -0.86
-0.74, -0.63, -1.37, -0.11
-0.74, 0.88, 0.14, -1.62
0.18, -0.13, 0.0499999999999999, 0.31
0.81, -0.26, 0.55, 1.07
0.48, 0.4, 0.88, 0.0800000000000001
-0.17, -0.1, -0.27, -0.0700000000000001
-0.7, 0.89, 0.19, -1.59
-0.25, 0.0800000000000001, -0.17, -0.33
-0.79, 0.95, 0.16, -1.74
-0.71, -0.46, -1.17, -0.25
0.34, -0.19, 0.15, 0.53
0.84, 0.93, 1.77, -0.0899999999999999
-0.19, -0.7, -0.89, 0.51
-0.71, 0.29, -0.42, -1
-0.81, 0.92, 0.11, -1.73
0.56, 0.86, 1.42, -0.3
-0.89, 0.95, 0.0599999999999999, -1.84
0.92, -0.86, 0.0599999999999999, 1.78
0.73, -0.48, 0.25, 1.21
-0.45, 0.0700000000000001, -0.38, -0.52
-0.35, 0.6, 0.25, -0.95
-0.07, 0.33, 0.26, -0.4
0.78, 0.61, 1.39, 0.17
0.22, 0.14, 0.36, 0.0800000000000001
0.44, 0.25, 0.69, 0.19
-0.78, 0.16, -0.62, -0.94
-0.69, 0.85, 0.16, -1.54
-0.6, 0.12, -0.48, -0.72
-0.18, -0.44, -0.62, 0.26
0.47, 0.12, 0.59, 0.35
0.68, 0.0600000000000001, 0.74, 0.62
-0.51, 0.58, 0.0700000000000001, -1.09
-0.5, -0.99, -1.49, 0.49
0.12, 0.9, 1.02, -0.78
0.0800000000000001, 0.42, 0.5, -0.34
-0.72, 0.94, 0.22, -1.66
-0.16, -0.97, -1.13, 0.81
0.01, -0.3, -0.29, 0.31
-0.84, -0.59, -1.43, -0.25
-0.48, 0.04, -0.44, -0.52
0.58, -0.64, -0.0599999999999999, 1.22
-0.93, -0.34, -1.27, -0.59
0.55, -0.82, -0.27, 1.37
0.23, 0.67, 0.9, -0.44
0.9, -0.29, 0.61, 1.19
0.71, -0.37, 0.34, 1.08
0.66, 0.13, 0.79, 0.53
0.4, 0.01, 0.41, 0.39
0.82, -0.62, 0.2, 1.44
0.52, -0.66, -0.14, 1.18
-0.57, -0.41, -0.98, -0.16
0.91, 0.91, 1.82, 0
-0.92, 0.24, -0.68, -1.16
-0.88, -0.62, -1.5, -0.26
0.48, -0.89, -0.41, 1.37
0.71, -0.51, 0.2, 1.22
-0.23, -0.09, -0.32, -0.14
0.75, 0.52, 1.27, 0.23
0.4, 0.41, 0.81, -0.01
0.29, -0.58, -0.29, 0.87
-0.4, -0.23, -0.63, -0.17
0.14, 0.51, 0.65, -0.37
0.93, -0.51, 0.42, 1.44
0.0700000000000001, -0.98, -0.91, 1.05
-0.09, 0.19, 0.1, -0.28
-0.47, 0.47, 0, -0.94
0.68, -0.09, 0.59, 0.77
-0.2, 0.73, 0.53, -0.93
-0.13, 0.78, 0.65, -0.91
0.66, 0.96, 1.62, -0.3
0.42, 0.62, 1.04, -0.2
-0.63, 0.02, -0.61, -0.65
0.71, -0.57, 0.14, 1.28
-0.28, 0.75, 0.47, -1.03
-0.2, 0.15, -0.05, -0.35
0.24, 0.37, 0.61, -0.13
-0.7, 0.14, -0.56, -0.84
-0.84, 0.28, -0.56, -1.12
-0.46, -0.88, -1.34, 0.42
0.91, 0.6, 1.51, 0.31
-0.35, -0.67, -1.02, 0.32
0.17, 0.82, 0.99, -0.65
-0.85, -0.33, -1.18, -0.52
-0.85, -0.08, -0.93, -0.77
0.92, -0.55, 0.37, 1.47
0.63, 0.88, 1.51, -0.25
-0.04, 0.46, 0.42, -0.5
0.99, -0.51, 0.48, 1.5
-0.45, 0.73, 0.28, -1.18
-0.38, -0.2, -0.58, -0.18
-0.83, -0.76, -1.59, -0.07
0.26, 0.48, 0.74, -0.22
-0.41, -0.1, -0.51, -0.31
-0.87, -0.43, -1.3, -0.44
0.1, 0.44, 0.54, -0.34
-0.99, 0.44, -0.55, -1.43
0.23, -0.01, 0.22, 0.24
-0.54, 0.72, 0.18, -1.26
-0.87, 0, -0.87, -0.87
0.74, 0, 0.74, 0.74
-0.84, 0.27, -0.57, -1.11
0.96, -0.01, 0.95, 0.97
-0.71, 0.31, -0.4, -1.02
-0.19, 0.79, 0.6, -0.98
-0.52, 0.72, 0.2, -1.24
-0.99, -0.49, -1.48, -0.5
-0.52, 0.82, 0.3, -1.34
0.67, -0.52, 0.15, 1.19
-0.98, -0.88, -1.86, -0.1
0.16, 0.81, 0.97, -0.65
-0.3, -0.44, -0.74, 0.14
-0.61, -0.23, -0.84, -0.38
0.55, -0.38, 0.17, 0.93
0.25, -0.99, -0.74, 1.24
0.28, -0.69, -0.41, 0.97
0.93, 0.78, 1.71, 0.15
-0.86, -0.09, -0.95, -0.77
0.23, 0.45, 0.68, -0.22
0.0900000000000001, -0.61, -0.52, 0.7
0.05, -0.6, -0.55, 0.65
-0.92, 0.3, -0.62, -1.22
0.92, 0.52, 1.44, 0.4
-0.78, -0.27, -1.05, -0.51
0.38, -0.24, 0.14, 0.62
-0.68, 0.97, 0.29, -1.65
-0.84, -0.21, -1.05, -0.63
-0.99, 0.13, -0.86, -1.12
0.04, 0.67, 0.71, -0.63
0.26, 0.81, 1.07, -0.55
0.75, 0.34, 1.09, 0.41
0.96, -0.12, 0.84, 1.08
0.67, 0.21, 0.88, 0.46
-0.42, -0.34, -0.76, -0.0800000000000001
-0.63, -0.15, -0.78, -0.48
-0.4, 0.58, 0.18, -0.98
0.34, 0.72, 1.06, -0.38
0.1, -0.37, -0.27, 0.47
0.76, -0.32, 0.44, 1.08
0.9, 0.04, 0.94, 0.86
-0.9, -0.47, -1.37, -0.43
-0.37, 0.14, -0.23, -0.51
0.9, -0.57, 0.33, 1.47
-0.32, 0.58, 0.26, -0.9
0.24, 0.96, 1.2, -0.72
-0.5, 0.73, 0.23, -1.23
-0.51, 0.33, -0.18, -0.84
0.1, 0.33, 0.43, -0.23
-0.26, 0.31, 0.05, -0.57
0.21, 0.79, 1, -0.58
0.35, 0.8, 1.15, -0.45
0.95, 0.67, 1.62, 0.28
-0.48, -0.17, -0.65, -0.31
-0.45, -0.83, -1.28, 0.38
-0.3, 0.45, 0.15, -0.75
-0.28, 0.35, 0.0700000000000001, -0.63
0.55, 0.87, 1.42, -0.32
-0.74, 0.04, -0.7, -0.78
0.02, -0.25, -0.23, 0.27
-0.57, -0.01, -0.58, -0.56
-0.2, 0.0900000000000001, -0.11, -0.29
0.43, 0.0800000000000001, 0.51, 0.35
-0.75, 0.78, 0.03, -1.53
-0.86, -0.42, -1.28, -0.44
-0.29, -0.69, -0.98, 0.4
-0.42, 0.94, 0.52, -1.36
0.65, -0.49, 0.16, 1.14
0.34, 0.32, 0.66, 0.02
0.86, -0.6, 0.26, 1.46
-0.41, -0.44, -0.85, 0.0299999999999999
-0.93, -0.39, -1.32, -0.54
-0.73, -0.48, -1.21, -0.25
-0.92, 0.66, -0.26, -1.58
0.68, 0.36, 1.04, 0.32
0.29, 0.4, 0.69, -0.11
0.55, -0.68, -0.13, 1.23
-0.66, -0.8, -1.46, 0.14
0.74, -0.98, -0.24, 1.72
0.05, -0.1, -0.0499999999999999, 0.15
-0.81, 0.66, -0.15, -1.47
0.59, 0.8, 1.39, -0.21
-0.63, 0.85, 0.22, -1.48
0.0700000000000001, 0.99, 1.06, -0.92
-0.6, -0.69, -1.29, 0.09
0.87, 0.78, 1.65, 0.0900000000000001
0.96, 0.15, 1.11, 0.81
0.6, -0.74, -0.14, 1.34
0.0800000000000001, -0.63, -0.55, 0.71
-0.88, -0.29, -1.17, -0.59
0, 0.26, 0.26, -0.26
-0.95, -0.57, -1.52, -0.38
-0.3, 0.81, 0.51, -1.11
-0.83, -0.7, -1.53, -0.13
-0.95, 0.38, -0.57, -1.33
0.15, 0.15, 0.3, 0
-0.64, -0.96, -1.6, 0.32
0.99, 0.89, 1.88, 0.1
-0.87, 0.0800000000000001, -0.79, -0.95
0.65, 0.13, 0.78, 0.52
-0.45, -0.34, -0.79, -0.11
0.13, -0.8, -0.67, 0.93
-0.92, 0.52, -0.4, -1.44
0.67, -0.08, 0.59, 0.75
0.96, 0.76, 1.72, 0.2
-0.49, 0.71, 0.22, -1.2
-0.41, -0.0600000000000001, -0.47, -0.35
0.04, -0.77, -0.73, 0.81
0.11, 0.31, 0.42, -0.2
0.48, -0.51, -0.03, 0.99
-0.23, 0.43, 0.2, -0.66
0.56, -0.82, -0.26, 1.38
0.96, -0.86, 0.1, 1.82
-0.75, -0.39, -1.14, -0.36
0.0600000000000001, -0.64, -0.58, 0.7
-0.4, -0.53, -0.93, 0.13
-0.15, -0.62, -0.77, 0.47
0.89, -0.62, 0.27, 1.51
-0.54, 0.75, 0.21, -1.29
-0.13, 0.29, 0.16, -0.42
0.9, -0.04, 0.86, 0.94
-0.24, -0.27, -0.51, 0.03
0.05, 0.45, 0.5, -0.4
0.67, 0.35, 1.02, 0.32
-0.85, -0.84, -1.69, -0.01
0.81, 0, 0.81, 0.81
0.46, -0.13, 0.33, 0.59
0.27, 0.0700000000000001, 0.34, 0.2
-0.91, -0.8, -1.71, -0.11
0.99, 0.52, 1.51, 0.47
-0.88, 0.29, -0.59, -1.17
-0.09, 0.36, 0.27, -0.45
0.31, 0.69, 1, -0.38
0.48, -0.73, -0.25, 1.21
0.31, -0.85, -0.54, 1.16
0.99, -0.9, 0.09, 1.89
-0.01, -0.62, -0.63, 0.61
-0.87, -0.26, -1.13, -0.61
-0.93, 0.7, -0.23, -1.63
-0.14, 0.4, 0.26, -0.54
-0.25, -0.8, -1.05, 0.55
0.68, -0.76, -0.0800000000000001, 1.44
-0.43, 0.5, 0.07, -0.93
0.83, -0.78, 0.05, 1.61
0.73, -0.95, -0.22, 1.68
-0.97, -0.2, -1.17, -0.77
-0.66, 0.69, 0.03, -1.35
0.19, -0.52, -0.33, 0.71
0.99, 0.05, 1.04, 0.94
0.04, 0.0700000000000001, 0.11, -0.03
1, -0.99, 0.01, 1.99
0.81, 0.78, 1.59, 0.03
0.16, 0.38, 0.54, -0.22
-0.42, -0.46, -0.88, 0.0399999999999999
-0.8, 0.11, -0.69, -0.91
-0.32, -0.0600000000000001, -0.38, -0.26
-0.42, -0.28, -0.7, -0.14
0.13, -0.26, -0.13, 0.39
0.23, 0.86, 1.09, -0.63
0.62, 0.45, 1.07, 0.17
0.16, -0.5, -0.34, 0.66
-0.22, 0.5, 0.28, -0.72
0.92, 0.91, 1.83, 0.01
-0.98, -0.29, -1.27, -0.69
0.78, -0.27, 0.51, 1.05
-0.68, 0.3, -0.38, -0.98
-0.28, 0.75, 0.47, -1.03
-0.56, 0.38, -0.18, -0.94
-0.12, -0.16, -0.28, 0.04
0.97, -0.75, 0.22, 1.72
0.0800000000000001, -0.64, -0.56, 0.72
-0.4, -0.57, -0.97, 0.17
0.41, -0.19, 0.22, 0.6
-0.55, 0.05, -0.5, -0.6
0.85, -0.44, 0.41, 1.29
-0.58, -0.52, -1.1, -0.0600000000000001
0, 0.81, 0.81, -0.81
-0.3, -0.95, -1.25, 0.65
-0.92, 0.04, -0.88, -0.96
-0.44, 0.34, -0.0999999999999999, -0.78
-0.48, -0.96, -1.44, 0.48
-0.97, 0.0900000000000001, -0.88, -1.06
0.24, -0.36, -0.12, 0.6
0.38, 0.33, 0.71, 0.0499999999999998
-0.3, -0.5, -0.8, 0.2
-0.22, -0.99, -1.21, 0.77
-0.26, 0.0700000000000001, -0.19, -0.33
-0.79, 0.64, -0.15, -1.43
-0.77, -0.09, -0.86, -0.68
0.0700000000000001, -0.31, -0.24, 0.38
0.98, -0.66, 0.32, 1.64
-0.96, -0.9, -1.86, -0.0599999999999999
0.67, 0.18, 0.85, 0.49
-0.17, -0.12, -0.29, -0.05
0.58, -0.4, 0.18, 0.98
0.36, 0.19, 0.55, 0.17
0.76, -0.45, 0.31, 1.21
-0.59, 0.25, -0.34, -0.84
-0.13, -0.18, -0.31, 0.05
0.18, -0.27, -0.0900000000000001, 0.45
0.32, -0.9, -0.58, 1.22
-0.87, -0.17, -1.04, -0.7
0.55, 0.86, 1.41, -0.31
0.51, 0.34, 0.85, 0.17
-0.09, -0.52, -0.61, 0.43
-0.84, 0.86, 0.0200000000000001, -1.7
-0.61, -0.86, -1.47, 0.25
-0.21, -0.13, -0.34, -0.08
0.04, -0.47, -0.43, 0.51
0.26, -0.47, -0.21, 0.73
0.96, -0.3, 0.66, 1.26
-0.26, -0.84, -1.1, 0.58
-0.21, -0.51, -0.72, 0.3
0.5, -0.59, -0.0900000000000001, 1.09
0.85, -0.05, 0.8, 0.9
0.57, -0.77, -0.2, 1.34
0.78, 0.69, 1.47, 0.0900000000000001
-0.28, 0.95, 0.67, -1.23
0.74, -0.8, -0.0600000000000001, 1.54
-0.31, -0.66, -0.97, 0.35
-0.98, 0.45, -0.53, -1.43
-0.76, -0.69, -1.45, -0.0700000000000001
0.59, -0.78, -0.19, 1.37
0.19, 0.7, 0.89, -0.51
-0.24, 0.4, 0.16, -0.64
0.83, 0.93, 1.76, -0.0999999999999999
-0.18, -0.9, -1.08, 0.72
-0.82, -0.25, -1.07, -0.57
0.16, -0.27, -0.11, 0.43
0.54, -0.61, -0.07, 1.15
-0.4, -0.17, -0.57, -0.23
0.21, 0.83, 1.04, -0.62
0.01, 0.72, 0.73, -0.71